Total magnitudes ~ DTW (~1 |siteID/wellID),,,,,,,,,,,Total magnitudes ~ DTW (~1 |wellID),,,,,,,,,
response,predictor,random_structure,n,delta_AICc,coef,p_value,R2_marginal,R2_conditional,n_loo_flagged,,response,predictor,random_structure,n,delta_AICc,coef,p_value,R2_marginal,R2_conditional,n_loo_flagged
accrual_total_areal_gO2_m2,DTW_mean_2d_between,nested,52,-1.4,-0.32,0.30,0.08,0.08,0,,accrual_total_areal_gO2_m2,DTW_sd_2d_between,well_only,52,-1.6,39.9,0.50,0.07,0.10,0
accrual_total_areal_gO2_m2,DTW_mean_2d_within,nested,52,-1.4,0.53,0.55,0.08,0.08,3,,accrual_total_areal_gO2_m2,DTW_sd_2d_within,well_only,52,-1.6,14.1,0.11,0.07,0.10,1
ER_total_mag,DTW_mean_2d_between,nested,30,-6.0,-0.02,0.94,0.00,0.00,22,,ER_total_mag,DTW_sd_2d_between,well_only,30,-3.2,-38.9,0.50,0.08,0.08,1
ER_total_mag,DTW_mean_2d_within,nested,30,-6.0,-0.29,0.82,0.00,0.00,7,,ER_total_mag,DTW_sd_2d_within,well_only,30,-3.2,12.2,0.19,0.08,0.08,1
gross_total_areal_gO2_m2,DTW_mean_2d_between,nested,52,-1.5,-0.33,0.29,0.08,0.08,0,,gross_total_areal_gO2_m2,DTW_sd_2d_between,well_only,52,-1.7,40.5,0.51,0.06,0.10,0
gross_total_areal_gO2_m2,DTW_mean_2d_within,nested,52,-1.5,0.49,0.60,0.08,0.08,5,,gross_total_areal_gO2_m2,DTW_sd_2d_within,well_only,52,-1.7,14.2,0.12,0.06,0.10,1
,,,,,,,,,,,,,,,,,,,,
accrual_total_areal_gO2_m2,DTW_sd_2d_between,nested,52,-1.9,39.9,0.57,0.07,0.10,0,,,,,,,,,,,
accrual_total_areal_gO2_m2,DTW_sd_2d_within,nested,52,-1.9,14.1,0.11,0.07,0.10,1,,,,,,,,,,,
ER_total_mag,DTW_sd_2d_between,nested,30,-3.7,-38.9,0.56,0.08,0.08,1,,,,,,,,,,,
ER_total_mag,DTW_sd_2d_within,nested,30,-3.7,12.2,0.19,0.08,0.08,1,,,,,,,,,,,
gross_total_areal_gO2_m2,DTW_sd_2d_between,nested,52,-2.0,40.5,0.57,0.06,0.10,0,,,,,,,,,,,
gross_total_areal_gO2_m2,DTW_sd_2d_within,nested,52,-2.0,14.2,0.12,0.06,0.10,1,,,,,,,,,,,
,,,,,,,,,,,,,,,,,,,,
,,,,,,,,,,,,,,,,,,,,
Rates ~ DTW (~1 |siteID/wellID),,,,,,,,,,,,,,,,,,,,
response,predictor,random_structure,n,delta_AICc,coef,p_value,R2_marginal,R2_conditional,n_loo_flagged,,,,,,,,,,,
accrual_rate_hourly_areal_gO2_m2_hr,DTW_mean_2d_between,nested,52,5.41,-0.57,0.21,0.26,0.28,0,,,,,,,,,,,
accrual_rate_hourly_areal_gO2_m2_hr,DTW_mean_2d_within,nested,52,5.41,2.3,0.01,0.26,0.28,0,,,,,,,,,,,
ER_rate_mag,DTW_mean_2d_between,nested,30,-5.73,0.0,0.97,0.01,0.01,27,,,,,,,,,,,
ER_rate_mag,DTW_mean_2d_within,nested,30,-5.73,0.6,0.58,0.01,0.01,2,,,,,,,,,,,
,,,,,,,,,,,,,,,,,,,,
accrual_rate_hourly_areal_gO2_m2_hr,DTW_sd_2d_between,nested,52,-3.19,65.4,0.56,0.06,0.19,1,,,,,,,,,,,
accrual_rate_hourly_areal_gO2_m2_hr,DTW_sd_2d_within,nested,52,-3.19,10.4,0.28,0.06,0.19,1,,,,,,,,,,,
ER_rate_mag,DTW_sd_2d_between,nested,30,-5.49,-27.6,0.63,0.02,0.02,4,,,,,,,,,,,
ER_rate_mag,DTW_sd_2d_within,nested,30,-5.49,-2.8,0.73,0.02,0.02,4,,,,,,,,,,,
,,,,,,,,,,,,,,,,,,,,
,,,,,,,,,,,,,,,,,,,,
accrual_rate_hourly_areal_gO2_m2_hr,fDOM_mean_2d_between,nested,52,-3.428730655,0.026265444,0.42596948850568184,0.065782801,0.1788733343379636,0,,,,,,,,,,,
accrual_rate_hourly_areal_gO2_m2_hr,fDOM_mean_2d_within,nested,52,-3.428730655,-0.004414843,0.6545097155620176,0.065782801,0.1788733343379636,5,,,,,,,,,,,
accrual_rate_hourly_areal_gO2_m2_hr,temp_mean_2d_between,nested,52,0.094059752,0.14194163719718514,0.23386293569352412,0.17668313442040415,0.2015196142015085,0,,,,,,,,,,,
accrual_rate_hourly_areal_gO2_m2_hr,temp_mean_2d_within,nested,52,0.094059752,0.041441095,0.23212071816028612,0.17668313442040415,0.2015196142015085,1,,,,,,,,,,,
accrual_total_areal_gO2_m2,fDOM_mean_2d_between,nested,52,0.5284600195925009,0.029267355001992255,0.24941115915803613,0.11295293130148908,0.11298590191367877,0,,,,,,,,,,,
accrual_total_areal_gO2_m2,fDOM_mean_2d_within,nested,52,0.5284600195925009,-0.007076673,0.43005748315160064,0.11295293130148908,0.11298590191367877,1,,,,,,,,,,,
accrual_total_areal_gO2_m2,temp_mean_2d_between,nested,52,-1.247287091,0.082281404,0.301330703,0.081602071,0.081648932,0,,,,,,,,,,,
accrual_total_areal_gO2_m2,temp_mean_2d_within,nested,52,-1.247287091,-0.026945785,0.4016237614779692,0.081602071,0.081648932,2,,,,,,,,,,,
ER_rate_mag,fDOM_mean_2d_between,nested,30,-5.45840182,0.010328352,0.58615868,0.020258414,0.020295468,3,,,,,,,,,,,
ER_rate_mag,fDOM_mean_2d_within,nested,30,-5.45840182,0.001633401,0.8591160454268165,0.020258414,0.020295468,12,,,,,,,,,,,
ER_rate_mag,temp_mean_2d_between,nested,30,-6.044468725,-0.003358351,0.9564161928660161,2.656512106435846e-4,3.124412525058043e-4,24,,,,,,,,,,,
ER_rate_mag,temp_mean_2d_within,nested,30,-6.044468725,-0.002102706,0.9552244898772482,2.656512106435846e-4,3.124412525058043e-4,21,,,,,,,,,,,
ER_total_mag,fDOM_mean_2d_between,nested,30,-2.730166259,0.028076211,0.3136177939978775,0.10804967232470221,0.10807668973917937,0,,,,,,,,,,,
ER_total_mag,fDOM_mean_2d_within,nested,30,-2.730166259,-0.001249574,0.9025675349240282,0.10804967232470221,0.10807668973917937,13,,,,,,,,,,,
ER_total_mag,temp_mean_2d_between,nested,30,-2.81345638,0.012016567749232343,0.8832728284912346,0.11446307559735563,0.1653714681914133,14,,,,,,,,,,,
ER_total_mag,temp_mean_2d_within,nested,30,-2.81345638,-0.078603263,0.061131204446192244,0.11446307559735563,0.1653714681914133,1,,,,,,,,,,,
gross_total_areal_gO2_m2,fDOM_mean_2d_between,nested,52,0.6434506909447464,0.029764795269464173,0.25042116236677214,0.11504435786179396,0.11507830433665729,0,,,,,,,,,,,
gross_total_areal_gO2_m2,fDOM_mean_2d_within,nested,52,0.6434506909447464,-0.008233309,0.36929287719362924,0.11504435786179396,0.11507830433665729,1,,,,,,,,,,,
gross_total_areal_gO2_m2,temp_mean_2d_between,nested,52,-1.276489462,0.084458816,0.3004530081746849,0.081178445,0.081224546,0,,,,,,,,,,,
gross_total_areal_gO2_m2,temp_mean_2d_within,nested,52,-1.276489462,-0.026553744,0.4189922862862159,0.081178445,0.081224546,2,,,,,,,,,,,
,,,,,,,,,,,,,,,,,,,,
accrual_rate_hourly_areal_gO2_m2_hr,DTW_mean_2d_between,well_only,52,5.625800999999825,-0.571580822,0.096158099,0.260300237,0.27653325556376623,0,,,,,,,,,,,
accrual_rate_hourly_areal_gO2_m2_hr,DTW_mean_2d_within,well_only,52,5.625800999999825,2.338066100456223,0.014306376163692791,0.260300237,0.27653325556376623,0,,,,,,,,,,,
accrual_rate_hourly_areal_gO2_m2_hr,DTW_sd_2d_between,well_only,52,-2.977327981,65.44703367438942,0.4889168279570565,0.057647007657149425,0.1945559284891946,1,,,,,,,,,,,
accrual_rate_hourly_areal_gO2_m2_hr,DTW_sd_2d_within,well_only,52,-2.977327981,10.404342462596242,0.2781040435120078,0.057647007657149425,0.1945559284891946,1,,,,,,,,,,,
accrual_rate_hourly_areal_gO2_m2_hr,fDOM_mean_2d_between,well_only,52,-3.215476247,0.026291430522894687,0.3331142117940592,0.065905081,0.17889854901341418,0,,,,,,,,,,,
accrual_rate_hourly_areal_gO2_m2_hr,fDOM_mean_2d_within,well_only,52,-3.215476247,-0.004414843,0.654508403,0.065905081,0.17889854901341418,5,,,,,,,,,,,
accrual_rate_hourly_areal_gO2_m2_hr,temp_mean_2d_between,well_only,52,0.30598266329062085,0.14193615483316516,0.12156637134620929,0.17667920681401966,0.20146505233441553,0,,,,,,,,,,,
accrual_rate_hourly_areal_gO2_m2_hr,temp_mean_2d_within,well_only,52,0.30598266329062085,0.041441095409738574,0.23212608473039742,0.17667920681401966,0.20146505233441553,1,,,,,,,,,,,
accrual_total_areal_gO2_m2,DTW_mean_2d_between,well_only,52,-1.121887607,-0.323361905,0.18436594274316054,0.07831498,0.078385074,0,,,,,,,,,,,
accrual_total_areal_gO2_m2,DTW_mean_2d_within,well_only,52,-1.121887607,0.5348362269617227,0.5544363730289608,0.07831498,0.078385074,3,,,,,,,,,,,
accrual_total_areal_gO2_m2,fDOM_mean_2d_between,well_only,52,0.8369559550121437,0.029269192,0.13656770024875264,0.11296396407958269,0.11300064190653103,0,,,,,,,,,,,
accrual_total_areal_gO2_m2,fDOM_mean_2d_within,well_only,52,0.8369559550121437,-0.007076673,0.4300572463622214,0.11296396407958269,0.11300064190653103,1,,,,,,,,,,,
accrual_total_areal_gO2_m2,temp_mean_2d_between,well_only,52,-0.938859595,0.082289157,0.1901648915605627,0.081613625,0.08169593,0,,,,,,,,,,,
accrual_total_areal_gO2_m2,temp_mean_2d_within,well_only,52,-0.938859595,-0.026945785,0.4016157949676217,0.081613625,0.08169593,2,,,,,,,,,,,
ER_rate_mag,DTW_mean_2d_between,well_only,30,-5.258590573,-0.00745367,0.971875901,0.010914300510047237,0.010976069,27,,,,,,,,,,,
ER_rate_mag,DTW_mean_2d_within,well_only,30,-5.258590573,0.6033956961848096,0.5767569634235429,0.010914300510047237,0.010976069,2,,,,,,,,,,,
ER_rate_mag,DTW_sd_2d_between,well_only,30,-5.014251515,-27.63580139,0.5795964605702931,0.019210779,0.019263211,4,,,,,,,,,,,
ER_rate_mag,DTW_sd_2d_within,well_only,30,-5.014251515,-2.786074843,0.7280881047901826,0.019210779,0.019263211,4,,,,,,,,,,,
ER_rate_mag,fDOM_mean_2d_between,well_only,30,-4.983129163,0.010327707227904485,0.5265238026469479,0.020256034878786508,0.020300808044391667,3,,,,,,,,,,,
ER_rate_mag,fDOM_mean_2d_within,well_only,30,-4.983129163,0.001633479,0.859109184,0.020256034878786508,0.020300808044391667,12,,,,,,,,,,,
ER_rate_mag,temp_mean_2d_between,well_only,30,-5.569218399,-0.003358248,0.9515755255282445,2.657423316520195e-4,3.291566939043731e-4,24,,,,,,,,,,,
ER_rate_mag,temp_mean_2d_within,well_only,30,-5.569218399,-0.00210371,0.9552030762856137,2.657423316520195e-4,3.291566939043731e-4,21,,,,,,,,,,,
ER_total_mag,DTW_mean_2d_between,well_only,30,-5.511994214,-0.020606092,0.9334684685685163,0.002235323,0.002423487,22,,,,,,,,,,,
ER_total_mag,DTW_mean_2d_within,well_only,30,-5.511994214,-0.288870372,0.818262278,0.002235323,0.002423487,7,,,,,,,,,,,
ER_total_mag,fDOM_mean_2d_between,well_only,30,-2.254835696,0.02807605,0.20351119406732687,0.10804808874615877,0.10807965413820561,0,,,,,,,,,,,
ER_total_mag,fDOM_mean_2d_within,well_only,30,-2.254835696,-0.001249575,0.9025674474430773,0.10804808874615877,0.10807965413820561,13,,,,,,,,,,,
ER_total_mag,temp_mean_2d_between,well_only,30,-2.336488723,0.012019302343834559,0.869913156,0.11447001283502672,0.16530994224588344,14,,,,,,,,,,,
ER_total_mag,temp_mean_2d_within,well_only,30,-2.336488723,-0.078602665,0.061133528,0.11447001283502672,0.16530994224588344,1,,,,,,,,,,,
gross_total_areal_gO2_m2,DTW_mean_2d_between,well_only,52,-1.168573103,-0.332369047,0.1830926331124083,0.077720684,0.077788975,0,,,,,,,,,,,
gross_total_areal_gO2_m2,DTW_mean_2d_within,well_only,52,-1.168573103,0.48766025652074746,0.5981727345997857,0.077720684,0.077788975,5,,,,,,,,,,,
gross_total_areal_gO2_m2,fDOM_mean_2d_between,well_only,52,0.9437968108742893,0.029766699,0.1375574436776732,0.11505544082073337,0.11509385278677468,0,,,,,,,,,,,
gross_total_areal_gO2_m2,fDOM_mean_2d_within,well_only,52,0.9437968108742893,-0.008233309,0.3692924410342401,0.11505544082073337,0.11509385278677468,1,,,,,,,,,,,
gross_total_areal_gO2_m2,temp_mean_2d_between,well_only,52,-0.97620793,0.084466285,0.18921817611091407,0.081189358,0.081270033,0,,,,,,,,,,,
gross_total_areal_gO2_m2,temp_mean_2d_within,well_only,52,-0.97620793,-0.026553744,0.41898462976132556,0.081189358,0.081270033,2,,,,,,,,,,,