group,response,predictor,label,n,n_wells,R2_marginal,R2_conditional,delta_AICc,term,estimate,se,df,t_value,p_value,ci_lower,ci_upper,estimate_backtransformed,ci_lower_backtransformed,ci_upper_backtransformed,n_loo_flagged
DTW_mean_2d_within,ER_rate_mag,DTW_mean_2d,ER_rate_mag ~ DTW_mean_2d (DTW_mean_2d_within),51,4,9.722406927586129e-4,0.07110912058530391,-4.995803021524338,(Intercept),-1.2117244957756357,0.21176850656774104,46,-5.721929645794741,7.54582378538022e-7,-1.6252650970267513,-0.7981838945245201,0.2976834826287421,0.19685948142307858,0.45014573435520533,NA
DTW_mean_2d_within,ER_rate_mag,DTW_mean_2d,ER_rate_mag ~ DTW_mean_2d (DTW_mean_2d_within),51,4,9.722406927586129e-4,0.07110912058530391,-4.995803021524338,pred_within,0.0012945144962285043,0.007038716341576801,46,0.18391343441160884,0.8548897087875382,-0.012450659586116034,0.015039688578573043,1.001295352741787,0.9876265291934376,1.0151533538098496,14
DTW_mean_2d_within,ER_rate_mag,DTW_mean_2d,ER_rate_mag ~ DTW_mean_2d (DTW_mean_2d_within),51,4,9.722406927586129e-4,0.07110912058530391,-4.995803021524338,pred_between,-1.5616338014745178e-4,0.001843512629296983,1,-0.08470968826885884,0.9462005756231024,-0.022880828745044237,0.022568501984749335,0.9998438488127185,0.9773789523096025,1.0228250973139035,35
DTW_mean_2d_within,ER_total_mag,DTW_mean_2d,ER_total_mag ~ DTW_mean_2d (DTW_mean_2d_within),30,4,0.002235774916048958,0.0023388670031675514,-5.98723473820651,(Intercept),-0.2912275058119226,0.30029786471619263,25,-0.9697954598750067,0.3414381580254594,-0.877964436742486,0.29550942511864087,0.7473456332006643,0.41562808844999927,1.3438107553005125,NA
DTW_mean_2d_within,ER_total_mag,DTW_mean_2d,ER_total_mag ~ DTW_mean_2d (DTW_mean_2d_within),30,4,0.002235774916048958,0.0023388670031675514,-5.98723473820651,pred_within,-0.0028910390544451088,0.013112815662624787,25,-0.22047431526742067,0.8272923674675896,-0.0285115116642586,0.022729433555368384,0.9971131359746023,0.9718911059976314,1.022989715409052,7
DTW_mean_2d_within,ER_total_mag,DTW_mean_2d,ER_total_mag ~ DTW_mean_2d (DTW_mean_2d_within),30,4,0.002235774916048958,0.0023388670031675514,-5.98723473820651,pred_between,-2.0526695863502353e-4,0.002302658504095125,1,-0.08914346537707173,0.943399118356175,-0.027961890697647734,0.027551356780377692,0.9997947541071858,0.9724254245496391,1.0279344051531658,22
DTW_mean_2d_within,accrual_total_areal_gO2_m2,DTW_mean_2d,accrual_total_areal_gO2_m2 ~ DTW_mean_2d (DTW_mean_2d_within),52,4,0.07830482359560015,0.07834608045157099,-1.430321437926409,(Intercept),-0.6760639127780443,0.18768737834853413,47,-3.602074464072903,7.590180928092659e-4,-1.0425887405571448,-0.3095390849989438,0.5086150106432,0.3525408628191508,0.7337850908485662,NA
DTW_mean_2d_within,accrual_total_areal_gO2_m2,DTW_mean_2d,accrual_total_areal_gO2_m2 ~ DTW_mean_2d (DTW_mean_2d_within),52,4,0.07830482359560015,0.07834608045157099,-1.430321437926409,pred_within,0.005348362269617225,0.009253922425383044,47,0.5779562464179445,0.5660526033232686,-0.01272313701333478,0.023419861552569234,1.0053626902915291,0.9873574599170268,1.0236962600304458,3
DTW_mean_2d_within,accrual_total_areal_gO2_m2,DTW_mean_2d,accrual_total_areal_gO2_m2 ~ DTW_mean_2d (DTW_mean_2d_within),52,4,0.07830482359560015,0.07834608045157099,-1.430321437926409,pred_between,-0.003233363603000958,0.0016705143699324405,1,-1.935549709238193,0.3035899612309434,-0.02383788033872033,0.017371153132718413,0.9967718580877026,0.9764439976969342,1.0175229090649678,0
DTW_mean_2d_within,gross_total_areal_gO2_m2,DTW_mean_2d,gross_total_areal_gO2_m2 ~ DTW_mean_2d (DTW_mean_2d_within),52,4,0.07771115066782942,0.07775159168802029,-1.4688617739670349,(Intercept),-0.014985644633972076,0.1920170153844775,47,-0.07804331612990743,0.9381249114380077,-0.389965593278996,0.35999430401105187,0.9851260813470388,0.6770801702059116,1.4333212503550876,NA
DTW_mean_2d_within,gross_total_areal_gO2_m2,DTW_mean_2d,gross_total_areal_gO2_m2 ~ DTW_mean_2d (DTW_mean_2d_within),52,4,0.07771115066782942,0.07775159168802029,-1.4688617739670349,pred_within,0.004876602565207479,0.009467464341162921,47,0.5150906715333315,0.6089038780315533,-0.013611911514336201,0.02336511664475116,1.004888512543704,0.9864803116345323,1.0236402194070402,5
DTW_mean_2d_within,gross_total_areal_gO2_m2,DTW_mean_2d,gross_total_areal_gO2_m2 ~ DTW_mean_2d (DTW_mean_2d_within),52,4,0.07771115066782942,0.07775159168802029,-1.4688617739670349,pred_between,-0.0033234462266123234,0.0017090513290356317,1,-1.9446146351190332,0.30237857850769984,-0.02440328687039095,0.017756394417166303,0.9966820703078043,0.9758920659304424,1.0179149764128266,0
DTW_sd_2d_within,ER_rate_mag,DTW_sd_2d,ER_rate_mag ~ DTW_sd_2d (DTW_sd_2d_within),51,4,0.03159633703004956,0.08254786690744542,-4.025082945363025,(Intercept),-0.7420434011843089,0.5367891690005087,46,-1.3823740195167868,0.17353233465461215,-1.7902829118244248,0.306196109455807,0.4761399757946931,0.16691294134187476,1.3582486458339977,NA
DTW_sd_2d_within,ER_rate_mag,DTW_sd_2d,ER_rate_mag ~ DTW_sd_2d (DTW_sd_2d_within),51,4,0.03159633703004956,0.08254786690744542,-4.025082945363025,pred_within,-0.03218343123187751,0.0686732298098166,46,-0.4686459530301136,0.6415360927209638,-0.16628821010428838,0.10192134764053334,0.9683289440164478,0.8468021420825023,1.107296376830202,3
DTW_sd_2d_within,ER_rate_mag,DTW_sd_2d,ER_rate_mag ~ DTW_sd_2d (DTW_sd_2d_within),51,4,0.03159633703004956,0.08254786690744542,-4.025082945363025,pred_between,-0.3610156923037865,0.40937561248854387,1,-0.8818690740008097,0.539910287449441,-5.4073189584221515,4.68528757381458,0.6969680613465106,0.00448364495008716,108.34142398533825,0
DTW_sd_2d_within,ER_total_mag,DTW_sd_2d,ER_total_mag ~ DTW_sd_2d (DTW_sd_2d_within),30,4,0.07812135803323957,0.07818140763865788,-3.690270371620258,(Intercept),0.28423627645495264,0.7206581199793849,25,0.39441209163518964,0.6966213563355068,-1.1238214663681982,1.6922940192781035,1.3287468452601585,0.3250353067600224,5.431927369331493,NA
DTW_sd_2d_within,ER_total_mag,DTW_sd_2d,ER_total_mag ~ DTW_sd_2d (DTW_sd_2d_within),30,4,0.07812135803323957,0.07818140763865788,-3.690270371620258,pred_within,0.12158310126544203,0.09411088717482519,25,1.2919132410215521,0.20820308218367384,-0.06229543933056105,0.3054616418614451,1.1292832068894871,0.9396052494347263,1.3572514224774954,1
DTW_sd_2d_within,ER_total_mag,DTW_sd_2d,ER_total_mag ~ DTW_sd_2d (DTW_sd_2d_within),30,4,0.07812135803323957,0.07818140763865788,-3.690270371620258,pred_between,-0.388839670686711,0.5009281562146279,1,-0.7762384003827258,0.5797779181879312,-6.427109925524474,5.649430584151051,0.6778429393952857,0.001617117678000806,284.1296318373508,1
DTW_sd_2d_within,accrual_total_areal_gO2_m2,DTW_sd_2d,accrual_total_areal_gO2_m2 ~ DTW_sd_2d (DTW_sd_2d_within),52,4,0.06509677986784511,0.10333441246782771,-1.941594476435938,(Intercept),-0.8937079170576209,0.6625827609505389,47,-1.3488245842308222,0.18385661002563608,-2.187631005992354,0.4002151718771122,0.4091358947768935,0.11218219301811355,1.4921457308992099,NA
DTW_sd_2d_within,accrual_total_areal_gO2_m2,DTW_sd_2d,accrual_total_areal_gO2_m2 ~ DTW_sd_2d (DTW_sd_2d_within),52,4,0.06509677986784511,0.10333441246782771,-1.941594476435938,pred_within,0.14149044447979425,0.08989503927499486,47,1.5739516398337137,0.12220687289563058,-0.03406085832159791,0.31704174728118645,1.1519894963493063,0.9665126825079562,1.3730598922463741,1
DTW_sd_2d_within,accrual_total_areal_gO2_m2,DTW_sd_2d,accrual_total_areal_gO2_m2 ~ DTW_sd_2d (DTW_sd_2d_within),52,4,0.06509677986784511,0.10333441246782771,-1.941594476435938,pred_between,0.3990253639427232,0.5059186288619273,1,0.7887145109488015,0.5748515877527585,-5.8410938729360105,6.639144600821456,1.4903714198233353,0.0029056624612541692,764.4408112246746,0
DTW_sd_2d_within,gross_total_areal_gO2_m2,DTW_sd_2d,gross_total_areal_gO2_m2 ~ DTW_sd_2d (DTW_sd_2d_within),52,4,0.06312933031166885,0.1017209165877338,-2.039493005596114,(Intercept),-0.23094076080833179,0.6791671714774161,47,-0.3400352232955522,0.7353450324032063,-1.5572506743962053,1.0953691527795417,0.7937864879123611,0.21071459859727573,2.990286352188164,NA
DTW_sd_2d_within,gross_total_areal_gO2_m2,DTW_sd_2d,gross_total_areal_gO2_m2 ~ DTW_sd_2d (DTW_sd_2d_within),52,4,0.06312933031166885,0.1017209165877338,-2.039493005596114,pred_within,0.14209670812654152,0.09201269381428023,47,1.544316357190363,0.12921894147641477,-0.03759005104989709,0.32178346730298013,1.1526881174552688,0.9631076849574978,1.3795860181317179,1
DTW_sd_2d_within,gross_total_areal_gO2_m2,DTW_sd_2d,gross_total_areal_gO2_m2 ~ DTW_sd_2d (DTW_sd_2d_within),52,4,0.06312933031166885,0.1017209165877338,-2.039493005596114,pred_between,0.4045482207246817,0.5185869976454037,1,0.7800971149710568,0.5782478864055312,-5.9918256532356615,6.800922094685023,1.4986252992439728,0.0024990973976582276,898.6755736845539,0
