site,event_id,Eventdate,DTW_mean_2d,DTW_var_2d,DTW_sd_2d,DTW_cv_2d,DTW_relvar_2d
SLOC,SLOC_DO1,2023-10-09T04:45:00Z,-0.06270780434229169,9.22114835278431e-5,0.009602681059362697,-15.313374722779782,0.00930064332957109
SLOC,SLOC_DO2,2023-10-10T04:00:00Z,-0.04768265068500869,7.311310802212449e-5,0.008550620329667578,-17.932351089608936,0.00737434118197283
SLOC,SLOC_DO3,2023-10-11T04:15:00Z,-0.03181707677014534,1.1136899394870676e-4,0.010553150901446769,-33.16819762445625,0.011232909948545871
SLOC,SLOC_DO4,2023-11-18T02:15:00Z,0.06418557365655447,1.3733518543431117e-4,0.011719009575655751,18.258011743202726,0.013851914397834784
SLOC,SLOC_DO5,2023-11-21T23:15:00Z,0.048947797654656885,1.3111050349361603e-4,0.011450349492203984,23.392981994797882,0.013224079942130066
SLOC,SLOC_DO6,2023-12-06T00:15:00Z,0.03015944690588735,4.571713595980625e-5,0.006761444813041533,22.418994732034186,0.004611126069599331
SLOC,SLOC_DO7,2023-12-18T18:00:00Z,0.0799067992129123,6.896790772435513e-5,0.008304691910261038,10.392972803394516,0.006956247599436078
SLOC,SLOC_DO8,2024-01-19T19:30:00Z,-0.14989043346134412,8.162395896996054e-5,0.009034597886456294,-6.027467982995903,0.008232763431226243
SLOC,SLOC_DO9,2024-01-21T01:00:00Z,-0.14276240465511353,1.3123617398186176e-4,0.011455835804595915,-8.024406588184759,0.013236755330742306
SLOC,SLOC_DO10,2024-01-21T14:45:00Z,-0.13437445779028823,1.7688184111206825e-4,0.01329969327135285,-9.897486092266911,0.01784067290452464
SLOC,SLOC_DO11,2024-02-10T22:00:00Z,-0.12396420002198391,5.9985826251552064e-5,0.007745051726848057,-6.24781326017878,0.006050296052626125
SLOC,SLOC_DO12,2024-02-21T17:45:00Z,-0.12391990488522427,6.718809559952197e-5,0.008196834486527221,-6.614622964824902,0.006776732021403749
SLOC,SLOC_DO13,2024-03-20T16:00:00Z,0.01623293560717508,1.6114886474453383e-4,0.012694442277805426,78.2017657495936,0.01625381196151828
SLOC,SLOC_DO14,2024-04-14T12:30:00Z,-0.04459406559912347,1.312552196097377e-4,0.01145666703756977,-25.691012657511454,0.013238676312653505
SLOC,SLOC_DO15,2024-04-15T09:30:00Z,-0.04543123471450816,1.4312461072976654e-4,0.01196346984489728,-26.333138247455175,0.014435847956825499
SLOC,SLOC_DO16,2024-05-23T16:45:00Z,0.20594707985459715,8.85814571968356e-6,0.0029762637181008607,1.4451594653355433,8.934511272152687e-4
SLOC,SLOC_DO17,2024-07-17T20:00:00Z,0.019521709641659293,1.9118560588222261e-4,0.013826988315689813,70.82877765061644,0.019283380572893524
SLOC,SLOC_DO18,2024-08-19T16:15:00Z,-0.052731674514882275,1.9358419581746682e-4,0.013913453770270947,-26.385382027540587,0.019525307376672463
SLOW,SLOW_DO1,2023-10-16T20:30:00Z,-0.5903380126243911,9.657338706943057e-5,0.009827175945785777,-1.6646693480059573,0.005917932981574455
SLOW,SLOW_DO2,2023-11-21T23:30:00Z,-0.35520899942142303,9.301975383240313e-5,0.009644674895111971,-2.7152113011836856,0.005700169434328209
SLOW,SLOW_DO3,2023-12-18T17:45:00Z,-0.28634688660707314,6.096938140774076e-5,0.007808289275362482,-2.7268636889623536,0.003736150548801383
SLOW,SLOW_DO4,2024-01-19T19:45:00Z,-0.5948646109191167,7.306855324774273e-5,0.008548014579289318,-1.4369680801959128,0.004477577252932686
SLOW,SLOW_DO5,2024-02-21T17:15:00Z,-0.5631186580498634,1.4120264237933874e-4,0.011882871806905044,-2.110189679748248,0.008652774845945751
SLOW,SLOW_DO6,2024-03-20T16:00:00Z,-0.4520666367174125,1.075548886872446e-4,0.010370867306413895,-2.2941014585194304,0.006590869828705564
SLOW,SLOW_DO7,2024-05-14T20:15:00Z,-0.17880404039826478,3.197982734117239e-5,0.0056550709404190845,-3.1627198847537703,0.0019596959443010714
SLOW,SLOW_DO8,2024-07-17T20:00:00Z,-0.46553475261545935,1.5224396535134523e-4,0.012338718140525994,-2.6504397515340843,0.009329377493518587
SLOW,SLOW_DO9,2024-08-19T16:30:00Z,-0.493706170237928,2.0332643224650948e-4,0.014259257773338327,-2.888207325111305,0.012459666538902694
VDOS,VDOS_DO1,2023-10-16T01:00:00Z,-1.6599771841833886,2.7886651285167202e-5,0.005280781313893542,-0.3181237287000048,9.267373659509385e-4
VDOS,VDOS_DO2,2023-11-27T16:45:00Z,-1.7280648705986998,8.485485452704213e-5,0.00921166947556425,-0.5330627126499484,0.002819921387060497
VDOS,VDOS_DO3,2023-11-29T17:15:00Z,-1.7242619913245294,6.417466260551727e-4,0.025332718489241787,-1.4691919567154588,0.021326711900851555
VDOS,VDOS_DO4,2023-11-30T17:30:00Z,-1.704254035073988,1.0133115481219026e-4,0.010066337706047332,-0.5906594614933867,0.0033674666254877622
VDOS,VDOS_DO5,2024-02-21T20:30:00Z,-1.7823221544516925,1.1078819933276794e-4,0.01052559733852516,-0.5905552659060797,0.003681745899792116
VDOS,VDOS_DO6,2024-04-17T16:00:00Z,-1.62962711720782,8.044645716874752e-5,0.008969194900811751,-0.5503832629012362,0.0026734202344440103
VDOS,VDOS_DO7,2024-05-23T16:15:00Z,-1.1595228852476278,0.001808002668252828,0.04252061462694099,-3.6670785172006575,0.06008407439369062
VDOS,VDOS_DO8,2024-07-16T16:00:00Z,-1.609977889740279,5.5867320472364265e-6,0.002363626884099186,-0.14681113940518062,1.8565991623682102e-4
VDOS,VDOS_DO9,2024-07-17T19:15:00Z,-1.6232484225280466,1.89220445996809e-4,0.01375574229174162,-0.8474206474396834,0.006288229300605075
VDOS,VDOS_DO10,2024-08-19T15:45:00Z,-1.7172938906094228,1.6372615869071163e-5,0.0040463089191349645,-0.23562122600337415,5.4409956753395e-4
VDOW,VDOW_DO1,2023-10-03T17:30:00Z,-1.554210941010639,6.812619076849581e-5,0.008253859143969916,-0.5310642800264147,0.0027239600564174953
VDOW,VDOW_DO2,2023-10-16T20:00:00Z,-1.5945970559534979,2.5505690584874967e-5,0.005050315889612744,-0.31671423641208724,0.0010198204476254353
VDOW,VDOW_DO3,2023-11-20T21:30:00Z,-1.5925957976157405,1.0862777596100227e-4,0.010422464965688409,-0.654432529665831,0.0043433768921669015
VDOW,VDOW_DO4,2023-11-27T16:30:00Z,-1.665478859667579,7.062654171121156e-5,0.008403959882770238,-0.5045972114258853,0.002823934178236928
VDOW,VDOW_DO5,2023-11-28T17:00:00Z,-1.675803554339821,1.1763044361577054e-4,0.010845756940655205,-0.6471973945017597,0.004703339878738739
VDOW,VDOW_DO6,2023-11-29T17:15:00Z,-1.661905921850272,5.473496649248135e-4,0.023395505229099316,-1.4077514810857694,0.021885248644170033
VDOW,VDOW_DO7,2023-12-18T16:45:00Z,-1.6515036207773983,5.6503765880825676e-5,0.0075168986876786945,-0.45515484150984353,0.0022592486026344898
VDOW,VDOW_DO8,2024-02-21T20:45:00Z,-1.7329225365526646,4.177229401243739e-5,0.006463148923894404,-0.3729623677669786,0.0016702249028053132
VDOW,VDOW_DO9,2024-03-20T15:45:00Z,-1.7025157341299046,8.488148099696805e-5,0.009213114619767196,-0.5411471057256155,0.003393904182181632
VDOW,VDOW_DO10,2024-04-17T16:15:00Z,-1.5733495092124694,1.2177559548705611e-4,0.011035198026635322,-0.7013824939735688,0.004869079779910311
VDOW,VDOW_DO11,2024-05-14T19:15:00Z,-1.4865496624278545,0.009247193436772064,0.09616232857399026,-6.468827177757152,0.369740114214363
VDOW,VDOW_DO12,2024-05-23T16:00:00Z,-1.136266609346179,0.0015482210195734859,0.039347439809643094,-3.462870376194902,0.06190412480502849
VDOW,VDOW_DO13,2024-06-17T18:45:00Z,-1.3957663208272177,1.6596229947597754e-4,0.012882635579569018,-0.9229793975780967,0.0066358425378572295
VDOW,VDOW_DO14,2024-07-17T19:15:00Z,-1.5525046661417063,2.390729360548005e-5,0.004889508523919357,-0.3149432417533915,9.559100854423264e-4
VDOW,VDOW_DO15,2024-08-19T15:30:00Z,-1.6360624218237927,1.3538102169416497e-5,0.003679416009289585,-0.2248945981650244,5.413079629610385e-4
