"site","event_id","category","accrual_rate_hourly_mgL_hr","accrual_duration_hr","accrual_total_mgL","ER_rate_hourly_mgL_hr","ER_duration_hr","ER_total_mgL","gross_total_mgL","accrual_rate_hourly_areal_gO2_m2_hr","accrual_total_areal_gO2_m2","ER_rate_hourly_areal_gO2_m2_hr","ER_total_areal_gO2_m2","gross_total_areal_gO2_m2","ER_rate_hourly_mgL_hr_as_CO2_mid","ER_rate_hourly_mgL_hr_as_CO2_low","ER_rate_hourly_mgL_hr_as_CO2_high","ER_rate_hourly_mgL_hr_as_C_mid","ER_rate_hourly_mgL_hr_as_C_low","ER_rate_hourly_mgL_hr_as_C_high","ER_total_mgL_as_CO2_mid","ER_total_mgL_as_CO2_low","ER_total_mgL_as_CO2_high","ER_total_mgL_as_C_mid","ER_total_mgL_as_C_low","ER_total_mgL_as_C_high","ER_rate_hourly_areal_gO2_m2_hr_as_CO2_mid","ER_rate_hourly_areal_gO2_m2_hr_as_CO2_low","ER_rate_hourly_areal_gO2_m2_hr_as_CO2_high","ER_rate_hourly_areal_gO2_m2_hr_as_C_mid","ER_rate_hourly_areal_gO2_m2_hr_as_C_low","ER_rate_hourly_areal_gO2_m2_hr_as_C_high","ER_total_areal_gO2_m2_as_CO2_mid","ER_total_areal_gO2_m2_as_CO2_low","ER_total_areal_gO2_m2_as_CO2_high","ER_total_areal_gO2_m2_as_C_mid","ER_total_areal_gO2_m2_as_C_low","ER_total_areal_gO2_m2_as_C_high"
"SLOC",1,"metabolism",0.280909090909091,1,0.280909090909091,-0.162727272727273,2,-0.325454545454545,0.606363636363636,0.280909090909091,0.280909090909091,-0.162727272727273,-0.325454545454545,0.606363636363636,0.2685,0.111875,0.895,0.0732272727272727,0.0305113636363636,0.244090909090909,0.537,0.22375,1.79,0.146454545454545,0.0610227272727273,0.488181818181818,0.2685,0.111875,0.895,0.0732272727272727,0.0305113636363636,0.244090909090909,0.537,0.22375,1.79,0.146454545454545,0.0610227272727273,0.488181818181818
"SLOC",2,"metabolism",0.526433566433566,3.25,1.71090909090909,-0.404705882352941,4.25,-1.72,3.43090909090909,0.526433566433566,1.71090909090909,-0.404705882352941,-1.72,3.43090909090909,0.667764705882353,0.278235294117647,2.22588235294118,0.182117647058823,0.0758823529411765,0.607058823529412,2.838,1.1825,9.46,0.774,0.3225,2.58,0.667764705882353,0.278235294117647,2.22588235294118,0.182117647058823,0.0758823529411765,0.607058823529412,2.838,1.1825,9.46,0.774,0.3225,2.58
"SLOC",3,"metabolism",0.547272727272727,1.5,0.820909090909091,-0.195508021390374,4.25,-0.830909090909091,1.65181818181818,0.547272727272727,0.820909090909091,-0.195508021390374,-0.830909090909091,1.65181818181818,0.322588235294118,0.134411764705882,1.07529411764706,0.0879786096256684,0.0366577540106952,0.293262032085561,1.371,0.57125,4.57,0.373909090909091,0.155795454545455,1.24636363636364,0.322588235294118,0.134411764705882,1.07529411764706,0.0879786096256684,0.0366577540106952,0.293262032085561,1.371,0.57125,4.57,0.373909090909091,0.155795454545455,1.24636363636364
"SLOC",4,"other",0.347878787878788,0.75,0.260909090909091,-0.208,1.25,-0.26,0.520909090909091,0.347878787878788,0.260909090909091,-0.208,-0.26,0.520909090909091,0.3432,0.143,1.144,0.0936,0.039,0.312,0.429,0.17875,1.43,0.117,0.04875,0.39,0.3432,0.143,1.144,0.0936,0.039,0.312,0.429,0.17875,1.43,0.117,0.04875,0.39
"SLOC",5,"other",0.92,0.25,0.23,NA,0,0,0.23,0.92,0.23,NA,0,0.23,NA,NA,NA,NA,NA,NA,0,0,0,0,0,0,NA,NA,NA,NA,NA,NA,0,0,0,0,0,0
"SLOC",6,"metabolism",2.55272727272727,0.25,0.638181818181818,-1.27636363636364,0.5,-0.638181818181818,1.27636363636364,2.55272727272727,0.638181818181818,-1.27636363636364,-0.638181818181818,1.27636363636364,2.106,0.8775,7.02,0.574363636363636,0.239318181818182,1.91454545454545,1.053,0.43875,3.51,0.287181818181818,0.119659090909091,0.957272727272727,2.106,0.8775,7.02,0.574363636363636,0.239318181818182,1.91454545454545,1.053,0.43875,3.51,0.287181818181818,0.119659090909091,0.957272727272727
"SLOC",7,"metabolism",0.84,0.25,0.21,-0.266666666666667,0.75,-0.2,0.41,0.84,0.21,-0.266666666666667,-0.2,0.41,0.44,0.183333333333333,1.46666666666667,0.12,0.05,0.4,0.33,0.1375,1.1,0.09,0.0375,0.3,0.44,0.183333333333333,1.46666666666667,0.12,0.05,0.4,0.33,0.1375,1.1,0.09,0.0375,0.3
"SLOC",8,"metabolism",0.62,0.5,0.31,-0.4,0.75,-0.3,0.61,0.62,0.31,-0.4,-0.3,0.61,0.66,0.275,2.2,0.18,0.075,0.6,0.495,0.20625,1.65,0.135,0.05625,0.45,0.66,0.275,2.2,0.18,0.075,0.6,0.495,0.20625,1.65,0.135,0.05625,0.45
"SLOC",9,"metabolism",0.127272727272727,2.75,0.35,-0.0950303030303031,3.75,-0.356363636363636,0.706363636363637,0.127272727272727,0.35,-0.0950303030303031,-0.356363636363636,0.706363636363637,0.1568,0.0653333333333334,0.522666666666667,0.0427636363636364,0.0178181818181818,0.142545454545455,0.588,0.245,1.96,0.160363636363636,0.0668181818181818,0.534545454545455,0.1568,0.0653333333333334,0.522666666666667,0.0427636363636364,0.0178181818181818,0.142545454545455,0.588,0.245,1.96,0.160363636363636,0.0668181818181818,0.534545454545455
"SLOC",10,"metabolism",0.260568181818182,32,8.33818181818181,-0.218684210526316,38,-8.30999999999999,16.6481818181818,0.260568181818182,8.33818181818181,-0.218684210526316,-8.30999999999999,16.6481818181818,0.360828947368421,0.150345394736842,1.20276315789474,0.0984078947368421,0.0410032894736842,0.328026315789474,13.7115,5.713125,45.705,3.7395,1.558125,12.465,0.360828947368421,0.150345394736842,1.20276315789474,0.0984078947368421,0.0410032894736842,0.328026315789474,13.7115,5.713125,45.705,3.7395,1.558125,12.465
"SLOC",11,"metabolism",0.152,1.25,0.19,-0.133333333333333,1.5,-0.2,0.39,0.152,0.19,-0.133333333333333,-0.2,0.39,0.22,0.0916666666666667,0.733333333333334,0.06,0.025,0.2,0.33,0.1375,1.1,0.09,0.0375,0.3,0.22,0.0916666666666667,0.733333333333334,0.06,0.025,0.2,0.33,0.1375,1.1,0.09,0.0375,0.3
"SLOC",12,"metabolism",0.98,0.5,0.49,-0.32,1.5,-0.48,0.97,0.98,0.49,-0.32,-0.48,0.97,0.528,0.22,1.76,0.144,0.06,0.48,0.792,0.33,2.64,0.216,0.09,0.72,0.528,0.22,1.76,0.144,0.06,0.48,0.792,0.33,2.64,0.216,0.09,0.72
"SLOC",13,"metabolism",1.48363636363636,0.75,1.11272727272727,-0.2524064171123,4.25,-1.07272727272727,2.18545454545455,1.48363636363636,1.11272727272727,-0.2524064171123,-1.07272727272727,2.18545454545455,0.416470588235294,0.173529411764706,1.38823529411765,0.113582887700535,0.0473262032085562,0.378609625668449,1.77,0.7375,5.9,0.482727272727273,0.201136363636364,1.60909090909091,0.416470588235294,0.173529411764706,1.38823529411765,0.113582887700535,0.0473262032085562,0.378609625668449,1.77,0.7375,5.9,0.482727272727273,0.201136363636364,1.60909090909091
"SLOC",14,"metabolism",0.28040404040404,2.25,0.630909090909091,-0.194685314685315,3.25,-0.632727272727273,1.26363636363636,0.28040404040404,0.630909090909091,-0.194685314685315,-0.632727272727273,1.26363636363636,0.321230769230769,0.133846153846154,1.07076923076923,0.0876083916083916,0.0365034965034965,0.292027972027972,1.044,0.435,3.48,0.284727272727273,0.118636363636364,0.949090909090909,0.321230769230769,0.133846153846154,1.07076923076923,0.0876083916083916,0.0365034965034965,0.292027972027972,1.044,0.435,3.48,0.284727272727273,0.118636363636364,0.949090909090909
"SLOC",15,"metabolism",0.781818181818182,1.5,1.17272727272727,-0.175218855218855,6.75,-1.18272727272727,2.35545454545455,0.781818181818182,1.17272727272727,-0.175218855218855,-1.18272727272727,2.35545454545455,0.289111111111111,0.120462962962963,0.963703703703704,0.0788484848484848,0.0328535353535353,0.262828282828283,1.9515,0.813125,6.505,0.532227272727273,0.221761363636364,1.77409090909091,0.289111111111111,0.120462962962963,0.963703703703704,0.0788484848484848,0.0328535353535353,0.262828282828283,1.9515,0.813125,6.505,0.532227272727273,0.221761363636364,1.77409090909091
"SLOC",16,"metabolism",2.58909090909091,0.25,0.647272727272727,-0.364155844155844,1.75,-0.637272727272727,1.28454545454545,2.58909090909091,0.647272727272727,-0.364155844155844,-0.637272727272727,1.28454545454545,0.600857142857143,0.250357142857143,2.00285714285714,0.16387012987013,0.0682792207792208,0.546233766233766,1.0515,0.438125,3.505,0.286772727272727,0.119488636363636,0.955909090909091,0.600857142857143,0.250357142857143,2.00285714285714,0.16387012987013,0.0682792207792208,0.546233766233766,1.0515,0.438125,3.505,0.286772727272727,0.119488636363636,0.955909090909091
"SLOC",17,"metabolism",1.72,0.25,0.43,-0.21,2,-0.42,0.85,1.72,0.43,-0.21,-0.42,0.85,0.3465,0.144375,1.155,0.0945,0.039375,0.315,0.693,0.28875,2.31,0.189,0.07875,0.63,0.3465,0.144375,1.155,0.0945,0.039375,0.315,0.693,0.28875,2.31,0.189,0.07875,0.63
"SLOC",18,"other",0.992727272727273,0.25,0.248181818181818,-0.202181818181818,1.25,-0.252727272727273,0.500909090909091,0.992727272727273,0.248181818181818,-0.202181818181818,-0.252727272727273,0.500909090909091,0.3336,0.139,1.112,0.0909818181818182,0.0379090909090909,0.303272727272727,0.417,0.17375,1.39,0.113727272727273,0.0473863636363637,0.379090909090909,0.3336,0.139,1.112,0.0909818181818182,0.0379090909090909,0.303272727272727,0.417,0.17375,1.39,0.113727272727273,0.0473863636363637,0.379090909090909
"SLOW",1,"metabolism",0.596363636363636,0.25,0.149090909090909,-0.278181818181818,0.5,-0.139090909090909,0.288181818181818,0.596363636363636,0.149090909090909,-0.278181818181818,-0.139090909090909,0.288181818181818,0.459,0.19125,1.53,0.125181818181818,0.0521590909090909,0.417272727272727,0.2295,0.095625,0.765,0.0625909090909091,0.0260795454545454,0.208636363636364,0.459,0.19125,1.53,0.125181818181818,0.0521590909090909,0.417272727272727,0.2295,0.095625,0.765,0.0625909090909091,0.0260795454545454,0.208636363636364
"SLOW",2,"metabolism",2.22909090909091,0.25,0.557272727272727,-0.716363636363636,0.75,-0.537272727272727,1.09454545454545,2.22909090909091,0.557272727272727,-0.716363636363636,-0.537272727272727,1.09454545454545,1.182,0.4925,3.94,0.322363636363636,0.134318181818182,1.07454545454545,0.8865,0.369375,2.955,0.241772727272727,0.100738636363636,0.805909090909091,1.182,0.4925,3.94,0.322363636363636,0.134318181818182,1.07454545454545,0.8865,0.369375,2.955,0.241772727272727,0.100738636363636,0.805909090909091
"SLOW",3,"metabolism",1.10909090909091,0.25,0.277272727272727,-0.277272727272727,1,-0.277272727272727,0.554545454545455,1.10909090909091,0.277272727272727,-0.277272727272727,-0.277272727272727,0.554545454545455,0.4575,0.190625,1.525,0.124772727272727,0.0519886363636364,0.415909090909091,0.4575,0.190625,1.525,0.124772727272727,0.0519886363636364,0.415909090909091,0.4575,0.190625,1.525,0.124772727272727,0.0519886363636364,0.415909090909091,0.4575,0.190625,1.525,0.124772727272727,0.0519886363636364,0.415909090909091
"SLOW",4,"metabolism",0.26,0.5,0.13,-0.12,1,-0.12,0.25,0.26,0.13,-0.12,-0.12,0.25,0.198,0.0825,0.66,0.054,0.0225,0.18,0.198,0.0825,0.66,0.054,0.0225,0.18,0.198,0.0825,0.66,0.054,0.0225,0.18,0.198,0.0825,0.66,0.054,0.0225,0.18
"SLOW",5,"metabolism",1.28909090909091,0.5,0.644545454545455,-0.507636363636364,1.25,-0.634545454545455,1.27909090909091,1.28909090909091,0.644545454545455,-0.507636363636364,-0.634545454545455,1.27909090909091,0.8376,0.349,2.792,0.228436363636364,0.0951818181818182,0.761454545454546,1.047,0.43625,3.49,0.285545454545455,0.118977272727273,0.951818181818182,0.8376,0.349,2.792,0.228436363636364,0.0951818181818182,0.761454545454546,1.047,0.43625,3.49,0.285545454545455,0.118977272727273,0.951818181818182
"SLOW",6,"other",2.36545454545455,0.5,1.18272727272727,-0.938181818181818,1.25,-1.17272727272727,2.35545454545455,2.36545454545455,1.18272727272727,-0.938181818181818,-1.17272727272727,2.35545454545455,1.548,0.645,5.16,0.422181818181818,0.175909090909091,1.40727272727273,1.935,0.80625,6.45,0.527727272727273,0.219886363636364,1.75909090909091,1.548,0.645,5.16,0.422181818181818,0.175909090909091,1.40727272727273,1.935,0.80625,6.45,0.527727272727273,0.219886363636364,1.75909090909091
"SLOW",7,"other",1.11709090909091,1.25,1.39636363636364,-0.820779220779221,1.75,-1.43636363636364,2.83272727272727,1.11709090909091,1.39636363636364,-0.820779220779221,-1.43636363636364,2.83272727272727,1.35428571428571,0.564285714285714,4.51428571428571,0.369350649350649,0.153896103896104,1.23116883116883,2.37,0.9875,7.9,0.646363636363636,0.269318181818182,2.15454545454546,1.35428571428571,0.564285714285714,4.51428571428571,0.369350649350649,0.153896103896104,1.23116883116883,2.37,0.9875,7.9,0.646363636363636,0.269318181818182,2.15454545454546
"SLOW",8,"metabolism",1.09818181818182,0.25,0.274545454545455,-0.529090909090909,0.5,-0.264545454545455,0.539090909090909,1.09818181818182,0.274545454545455,-0.529090909090909,-0.264545454545455,0.539090909090909,0.873,0.36375,2.91,0.238090909090909,0.0992045454545454,0.793636363636364,0.4365,0.181875,1.455,0.119045454545455,0.0496022727272727,0.396818181818182,0.873,0.36375,2.91,0.238090909090909,0.0992045454545454,0.793636363636364,0.4365,0.181875,1.455,0.119045454545455,0.0496022727272727,0.396818181818182
"SLOW",9,"metabolism",13.16,0.25,3.29,-0.422068965517241,7.25,-3.06,6.35,13.16,3.29,-0.422068965517241,-3.06,6.35,0.696413793103448,0.290172413793103,2.32137931034483,0.189931034482759,0.0791379310344828,0.633103448275862,5.049,2.10375,16.83,1.377,0.57375,4.59,0.696413793103448,0.290172413793103,2.32137931034483,0.189931034482759,0.0791379310344828,0.633103448275862,5.049,2.10375,16.83,1.377,0.57375,4.59
"VDOW",1,"other",0.253333333333333,0.75,0.19,-0.24,0.75,-0.18,0.37,0.253333333333333,0.19,-0.24,-0.18,0.37,0.396,0.165,1.32,0.108,0.045,0.36,0.297,0.12375,0.99,0.081,0.03375,0.27,0.396,0.165,1.32,0.108,0.045,0.36,0.297,0.12375,0.99,0.081,0.03375,0.27
"VDOW",2,"metabolism",1.40545454545455,0.5,0.702727272727273,-0.92,0.75,-0.69,1.39272727272727,1.40545454545455,0.702727272727273,-0.92,-0.69,1.39272727272727,1.518,0.6325,5.06,0.414,0.1725,1.38,1.1385,0.474375,3.795,0.3105,0.129375,1.035,1.518,0.6325,5.06,0.414,0.1725,1.38,1.1385,0.474375,3.795,0.3105,0.129375,1.035
"VDOW",3,"metabolism",3.27636363636364,0.25,0.819090909090909,-0.207757575757576,3.75,-0.779090909090909,1.59818181818182,3.27636363636364,0.819090909090909,-0.207757575757576,-0.779090909090909,1.59818181818182,0.3428,0.142833333333333,1.14266666666667,0.0934909090909091,0.0389545454545455,0.311636363636364,1.2855,0.535625,4.285,0.350590909090909,0.146079545454545,1.16863636363636,0.3428,0.142833333333333,1.14266666666667,0.0934909090909091,0.0389545454545455,0.311636363636364,1.2855,0.535625,4.285,0.350590909090909,0.146079545454545,1.16863636363636
"VDOW",4,"metabolism",1.18,0.5,0.59,-0.14987012987013,3.5,-0.524545454545454,1.11454545454545,1.18,0.59,-0.14987012987013,-0.524545454545454,1.11454545454545,0.247285714285714,0.103035714285714,0.824285714285714,0.0674415584415584,0.0281006493506493,0.224805194805195,0.8655,0.360625,2.885,0.236045454545454,0.0983522727272727,0.786818181818182,0.247285714285714,0.103035714285714,0.824285714285714,0.0674415584415584,0.0281006493506493,0.224805194805195,0.8655,0.360625,2.885,0.236045454545454,0.0983522727272727,0.786818181818182
"VDOW",5,"metabolism",1.37636363636364,0.5,0.688181818181818,-0.203636363636364,3.25,-0.661818181818182,1.35,1.37636363636364,0.688181818181818,-0.203636363636364,-0.661818181818182,1.35,0.336,0.14,1.12,0.0916363636363637,0.0381818181818182,0.305454545454546,1.092,0.455,3.64,0.297818181818182,0.124090909090909,0.992727272727273,0.336,0.14,1.12,0.0916363636363637,0.0381818181818182,0.305454545454546,1.092,0.455,3.64,0.297818181818182,0.124090909090909,0.992727272727273
"VDOW",6,"metabolism",1.65090909090909,0.25,0.412727272727273,-0.183434343434343,2.25,-0.412727272727273,0.825454545454545,1.65090909090909,0.412727272727273,-0.183434343434343,-0.412727272727273,0.825454545454545,0.302666666666667,0.126111111111111,1.00888888888889,0.0825454545454546,0.0343939393939394,0.275151515151515,0.681,0.28375,2.27,0.185727272727273,0.0773863636363636,0.619090909090909,0.302666666666667,0.126111111111111,1.00888888888889,0.0825454545454546,0.0343939393939394,0.275151515151515,0.681,0.28375,2.27,0.185727272727273,0.0773863636363636,0.619090909090909
"VDOW",7,"metabolism",1,0.25,0.25,-0.138181818181818,1.5,-0.207272727272727,0.457272727272727,1,0.25,-0.138181818181818,-0.207272727272727,0.457272727272727,0.228,0.095,0.76,0.0621818181818182,0.0259090909090909,0.207272727272727,0.342,0.1425,1.14,0.0932727272727273,0.0388636363636364,0.310909090909091,0.228,0.095,0.76,0.0621818181818182,0.0259090909090909,0.207272727272727,0.342,0.1425,1.14,0.0932727272727273,0.0388636363636364,0.310909090909091
"VDOW",8,"metabolism",1.3030303030303,0.75,0.977272727272727,-0.412121212121212,2.25,-0.927272727272727,1.90454545454545,1.3030303030303,0.977272727272727,-0.412121212121212,-0.927272727272727,1.90454545454545,0.68,0.283333333333333,2.26666666666667,0.185454545454545,0.0772727272727273,0.618181818181818,1.53,0.6375,5.1,0.417272727272727,0.173863636363636,1.39090909090909,0.68,0.283333333333333,2.26666666666667,0.185454545454545,0.0772727272727273,0.618181818181818,1.53,0.6375,5.1,0.417272727272727,0.173863636363636,1.39090909090909
"VDOW",9,"metabolism",1.16636363636364,1,1.16636363636364,-0.458545454545455,2.5,-1.14636363636364,2.31272727272727,1.16636363636364,1.16636363636364,-0.458545454545455,-1.14636363636364,2.31272727272727,0.7566,0.31525,2.522,0.206345454545455,0.0859772727272727,0.687818181818182,1.8915,0.788125,6.305,0.515863636363636,0.214943181818182,1.71954545454545,0.7566,0.31525,2.522,0.206345454545455,0.0859772727272727,0.687818181818182,1.8915,0.788125,6.305,0.515863636363636,0.214943181818182,1.71954545454545
"VDOW",10,"other",1.728,1.25,2.16,-0.24,8.5,-2.04,4.2,1.728,2.16,-0.24,-2.04,4.2,0.396,0.165,1.32,0.108,0.045,0.36,3.366,1.4025,11.22,0.918,0.3825,3.06,0.396,0.165,1.32,0.108,0.045,0.36,3.366,1.4025,11.22,0.918,0.3825,3.06
"VDOW",11,"other",1.0372382042435,1.5,1.55585730636525,-0.160233783445146,9.5,-1.52222094272888,3.07807824909413,1.0372382042435,1.55585730636525,-0.160233783445146,-1.52222094272888,3.07807824909413,0.26438574268449,0.110160726118538,0.881285808948301,0.0721052025503155,0.0300438343959648,0.240350675167718,2.51166455550266,1.04652689812611,8.37221518500886,0.684999424227997,0.285416426761666,2.28333141409332,0.26438574268449,0.110160726118538,0.881285808948301,0.0721052025503155,0.0300438343959648,0.240350675167718,2.51166455550266,1.04652689812611,8.37221518500886,0.684999424227997,0.285416426761666,2.28333141409332
"VDOW",12,"other",2.80363636363636,0.25,0.700909090909091,-0.251239669421488,2.75,-0.690909090909091,1.39181818181818,2.80363636363636,0.700909090909091,-0.251239669421488,-0.690909090909091,1.39181818181818,0.414545454545455,0.172727272727273,1.38181818181818,0.113057851239669,0.0471074380165289,0.376859504132231,1.14,0.475,3.8,0.310909090909091,0.129545454545455,1.03636363636364,0.414545454545455,0.172727272727273,1.38181818181818,0.113057851239669,0.0471074380165289,0.376859504132231,1.14,0.475,3.8,0.310909090909091,0.129545454545455,1.03636363636364
"VDOW",13,"metabolism",3.48,0.25,0.87,-0.183529411764706,4.25,-0.78,1.65,3.48,0.87,-0.183529411764706,-0.78,1.65,0.302823529411765,0.126176470588235,1.00941176470588,0.0825882352941177,0.0344117647058824,0.275294117647059,1.287,0.53625,4.29,0.351,0.14625,1.17,0.302823529411765,0.126176470588235,1.00941176470588,0.0825882352941177,0.0344117647058824,0.275294117647059,1.287,0.53625,4.29,0.351,0.14625,1.17
"VDOW",14,"metabolism",0.494545454545455,1,0.494545454545455,-0.105454545454545,4.5,-0.474545454545455,0.969090909090909,0.494545454545455,0.494545454545455,-0.105454545454545,-0.474545454545455,0.969090909090909,0.174,0.0725,0.58,0.0474545454545455,0.0197727272727273,0.158181818181818,0.783,0.32625,2.61,0.213545454545455,0.0889772727272727,0.711818181818182,0.174,0.0725,0.58,0.0474545454545455,0.0197727272727273,0.158181818181818,0.783,0.32625,2.61,0.213545454545455,0.0889772727272727,0.711818181818182
"VDOW",15,"metabolism",1.68727272727273,0.25,0.421818181818182,-0.337454545454545,1.25,-0.421818181818182,0.843636363636363,1.68727272727273,0.421818181818182,-0.337454545454545,-0.421818181818182,0.843636363636363,0.5568,0.232,1.856,0.151854545454545,0.0632727272727273,0.506181818181818,0.696,0.29,2.32,0.189818181818182,0.0790909090909091,0.632727272727273,0.5568,0.232,1.856,0.151854545454545,0.0632727272727273,0.506181818181818,0.696,0.29,2.32,0.189818181818182,0.0790909090909091,0.632727272727273
"VDOS",1,"metabolism",0.235294117647059,8.5,2,-0.166545454545455,11.25,-1.87363636363636,3.87363636363637,0.235294117647059,2,-0.166545454545455,-1.87363636363636,3.87363636363637,0.2748,0.1145,0.916,0.0749454545454546,0.0312272727272727,0.249818181818182,3.0915,1.288125,10.305,0.843136363636364,0.351306818181818,2.81045454545455,0.2748,0.1145,0.916,0.0749454545454546,0.0312272727272727,0.249818181818182,3.0915,1.288125,10.305,0.843136363636364,0.351306818181818,2.81045454545455
"VDOS",2,"other",1.27030303030303,0.75,0.952727272727272,-0.251393939393939,3.75,-0.942727272727272,1.89545454545454,1.27030303030303,0.952727272727272,-0.251393939393939,-0.942727272727272,1.89545454545454,0.4148,0.172833333333333,1.38266666666667,0.113127272727273,0.0471363636363636,0.377090909090909,1.5555,0.648125,5.185,0.424227272727273,0.176761363636364,1.41409090909091,0.4148,0.172833333333333,1.38266666666667,0.113127272727273,0.0471363636363636,0.377090909090909,1.5555,0.648125,5.185,0.424227272727273,0.176761363636364,1.41409090909091
"VDOS",3,"other",11.9345454545455,0.25,2.98363636363636,-1.08495867768595,2.75,-2.98363636363636,5.96727272727273,11.9345454545455,2.98363636363636,-1.08495867768595,-2.98363636363636,5.96727272727273,1.79018181818182,0.745909090909091,5.96727272727273,0.488231404958678,0.203429752066116,1.62743801652893,4.923,2.05125,16.41,1.34263636363636,0.559431818181818,4.47545454545454,1.79018181818182,0.745909090909091,5.96727272727273,0.488231404958678,0.203429752066116,1.62743801652893,4.923,2.05125,16.41,1.34263636363636,0.559431818181818,4.47545454545454
"VDOS",4,"metabolism",1.64727272727273,0.25,0.411818181818182,-0.391818181818182,1,-0.391818181818182,0.803636363636364,1.64727272727273,0.411818181818182,-0.391818181818182,-0.391818181818182,0.803636363636364,0.6465,0.269375,2.155,0.176318181818182,0.0734659090909091,0.587727272727273,0.6465,0.269375,2.155,0.176318181818182,0.0734659090909091,0.587727272727273,0.6465,0.269375,2.155,0.176318181818182,0.0734659090909091,0.587727272727273,0.6465,0.269375,2.155,0.176318181818182,0.0734659090909091,0.587727272727273
"VDOS",5,"metabolism",2.60072727272727,1.25,3.25090909090909,-0.996969696969697,3,-2.99090909090909,6.24181818181818,2.60072727272727,3.25090909090909,-0.996969696969697,-2.99090909090909,6.24181818181818,1.645,0.685416666666667,5.48333333333333,0.448636363636364,0.186931818181818,1.49545454545455,4.935,2.05625,16.45,1.34590909090909,0.560795454545455,4.48636363636364,1.645,0.685416666666667,5.48333333333333,0.448636363636364,0.186931818181818,1.49545454545455,4.935,2.05625,16.45,1.34590909090909,0.560795454545455,4.48636363636364
"VDOS",6,"metabolism",1.62,0.5,0.81,-0.36,2.25,-0.81,1.62,1.62,0.81,-0.36,-0.81,1.62,0.594,0.2475,1.98,0.162,0.0675,0.54,1.3365,0.556875,4.455,0.3645,0.151875,1.215,0.594,0.2475,1.98,0.162,0.0675,0.54,1.3365,0.556875,4.455,0.3645,0.151875,1.215
"VDOS",7,"metabolism",7.84,0.25,1.96,-0.23625,8,-1.89,3.85,7.84,1.96,-0.23625,-1.89,3.85,0.3898125,0.162421875,1.299375,0.1063125,0.044296875,0.354375,3.1185,1.299375,10.395,0.8505,0.354375,2.835,0.3898125,0.162421875,1.299375,0.1063125,0.044296875,0.354375,3.1185,1.299375,10.395,0.8505,0.354375,2.835
"VDOS",8,"metabolism",1.96,0.25,0.49,-0.103157894736842,4.75,-0.49,0.98,1.96,0.49,-0.103157894736842,-0.49,0.98,0.170210526315789,0.0709210526315789,0.567368421052631,0.0464210526315789,0.0193421052631579,0.154736842105263,0.8085,0.336875,2.695,0.2205,0.091875,0.735,0.170210526315789,0.0709210526315789,0.567368421052631,0.0464210526315789,0.0193421052631579,0.154736842105263,0.8085,0.336875,2.695,0.2205,0.091875,0.735
"VDOS",9,"metabolism",10.3272727272727,0.25,2.58181818181818,-1.46961038961039,1.75,-2.57181818181818,5.15363636363636,10.3272727272727,2.58181818181818,-1.46961038961039,-2.57181818181818,5.15363636363636,2.42485714285714,1.01035714285714,8.08285714285714,0.661324675324675,0.275551948051948,2.20441558441558,4.2435,1.768125,14.145,1.15731818181818,0.482215909090909,3.85772727272727,2.42485714285714,1.01035714285714,8.08285714285714,0.661324675324675,0.275551948051948,2.20441558441558,4.2435,1.768125,14.145,1.15731818181818,0.482215909090909,3.85772727272727
"VDOS",10,"metabolism",2.50181818181818,0.25,0.625454545454546,-0.24198347107438,2.75,-0.665454545454546,1.29090909090909,2.50181818181818,0.625454545454546,-0.24198347107438,-0.665454545454546,1.29090909090909,0.399272727272727,0.166363636363636,1.33090909090909,0.108892561983471,0.0453719008264463,0.36297520661157,1.098,0.4575,3.66,0.299454545454545,0.124772727272727,0.998181818181818,0.399272727272727,0.166363636363636,1.33090909090909,0.108892561983471,0.0453719008264463,0.36297520661157,1.098,0.4575,3.66,0.299454545454545,0.124772727272727,0.998181818181818
